Name,State,Constituency,Party,Attendance Percent,Debates Total,Questions Asked,Private Member Bills
A. Anwhar Raajhaa,Tamil Nadu,Ramanthapuram,All India Anna Dravida Munnetra Kazhagam,73%,33,212,0
A. Arunmozhithevan,Tamil Nadu,Cuddalore,All India Anna Dravida Munnetra Kazhagam,84%,37,499,0
A.P. Jithender Reddy,Telangana,Mahabubnagar,Telangana Rashtra Samithi,87%,80,159,4
A.T. Nana Patil,Maharashtra,Jalgaon,Bharatiya Janata Party,86%,81,476,17
Abhijit Mukherjee,West Bengal,Jangipur,Indian National Congress,97%,32,148,0
Abhishek Banerjee,West Bengal,Diamond Harbour,All India Trinamool Congress,31%,3,48,0
Abhishek Singh,Chhattisgarh,Rajnandgaon,Bharatiya Janata Party,80%,17,355,0
Abu Hasem Khan Choudhury,West Bengal,Maldaha Dakshin,Indian National Congress,77%,2,0,0
Adhikari Deepak (Dev),West Bengal,Ghatal,All India Trinamool Congress,10%,2,3,0
Adhir Ranjan Chowdhury,West Bengal,Baharampur,Indian National Congress,82%,108,171,5
Ajay Misra Teni,Uttar Pradesh,Kheri,Bharatiya Janata Party,96%,228,423,5
Ajay Nishad,Bihar,Muzaffarpur,Bharatiya Janata Party,97%,20,194,0
Ajay Tamta,Uttarakhand,Almora,Bharatiya Janata Party,94%,16,69,0
Akshay Yadav,Uttar Pradesh,Firozabad,Samajwadi Party,72%,10,1,0
Alok Sanjar,Madhya Pradesh,Bhopal,Bharatiya Janata Party,96%,121,385,3
Amarinder Singh,Punjab,Amritsar,Indian National Congress,6%,4,18,0
Anandrao Adsul,Maharashtra,Amravati,Shiv Sena,86%,56,924,2
Anant Gangaram Geete,Maharashtra,Raigad,Shiv Sena,N/A,N/A,N/A,N/A
Anant Kumar Hegde,Karnataka,Uttara Kannada,Bharatiya Janata Party,96%,1,245,0
Ananth Kumar,Karnataka,Bangalore South,Bharatiya Janata Party,N/A,N/A,N/A,N/A
Anbumani Ramadoss,Tamil Nadu,Dharmapuri,Pattali Makkal Katchi,46%,12,47,0
Anil Shirole,Maharashtra,Pune,Bharatiya Janata Party,94%,13,159,0
Anirudhan Sampath,Kerala,Attingal,Communist Party of India (Marxist),77%,208,343,3
Anju Bala,Uttar Pradesh,Misrikh,Bharatiya Janata Party,98%,120,176,0
Anoop Mishra,Madhya Pradesh,Morena,Bharatiya Janata Party,45%,6,266,0
Anshul Verma,Uttar Pradesh,Hardoi,Bharatiya Janata Party,93%,24,98,0
Anto Antony,Kerala,Pathanamthitta,Indian National Congress,79%,75,601,1
Anupam Hazra,West Bengal,Bolpur,All India Trinamool Congress,87%,1,67,0
Anupriya Singh Patel,Uttar Pradesh,Mirzapur,Apna Dal,90%,49,71,0
Anurag Singh Thakur,Himachal Pradesh,Hamirpur,Bharatiya Janata Party,90%,64,414,3
Aparupa Poddar (Afrin Ali),West Bengal,Arambagh,All India Trinamool Congress,80%,72,66,0
Arjun Charan Sethi,Odisha,Bhadrak,Biju Janata Dal,81%,1,32,0
Arjun Ram Meghwal,Rajasthan,Bikaner,Bharatiya Janata Party,98%,92,336,16
Arjunlal Meena,Rajasthan,Udaipur,Bharatiya Janata Party,86%,77,307,0
Arka Keshari Deo,Odisha,Kalahandi,Biju Janata Dal,87%,28,111,0
Arpita Ghosh,West Bengal,Balurghat,All India Trinamool Congress,61%,20,25,0
Arun Kumar,Bihar,Jahanabad,Rashtriya Lok Samta Party,87%,57,61,0
Arvind Sawant,Maharashtra,Mumbai-South,Shiv Sena,98%,259,425,1
Asaduddin Owaisi,Telangana,Hyderabad,All India Majlis-E-Ittehadul Muslimmen,84%,56,674,0
Ashok Gajapathi Raju Pusapati,Andhra Pradesh,Vizianagaram,Telugu Desam Party,N/A,N/A,N/A,N/A
Ashok Kumar Doharey,Uttar Pradesh,Etawah,Bharatiya Janata Party,82%,3,0,0
Ashok Mahadeorao Nete,Maharashtra,Gadchiroli-Chimur,Bharatiya Janata Party,75%,29,489,4
Ashok Shankarrao Chavan,Maharashtra,Nanded,Indian National Congress,44%,9,784,0
Ashwini Kumar,Haryana,Karnal,Bharatiya Janata Party,56%,7,372,0
Ashwini Kumar Choubey,Bihar,Buxar,Bharatiya Janata Party,93%,181,151,2
Asrarul Haque Mohammad,Bihar,Kishanganj,Indian National Congress,87%,14,1,0
Azmeera Seetaram Naik,Telangana,Mahabubabad,Telangana Rashtra Samithi,72%,25,131,0
B. S. Yeddyurappa,Karnataka,Shimoga,Bharatiya Janata Party,69%,14,187,0
B. Senguttuvan,Tamil Nadu,Vellore,All India Anna Dravida Munnetra Kazhagam,80%,37,451,0
B. Sreeramulu,Karnataka,Bellary,Bharatiya Janata Party,52%,20,572,0
B.N. Chandrappa,Karnataka,Chitradurga,Indian National Congress,86%,53,326,0
B.V. Nayak,Karnataka,Raichur,Indian National Congress,60%,10,620,0
Babul Supriya Baral (Babul Supriyo),West Bengal,Asansol,Bharatiya Janata Party,45%,0,0,0
Babulal Chaudhary,Uttar Pradesh,Fatehpur Sikri,Bharatiya Janata Party,95%,13,25,0
Badaruddoza Khan,West Bengal,Murshidabad,Communist Party of India (Marxist),88%,159,326,0
Badruddin Ajmal,Assam,Dhubri,All India United Democratic Front,60%,63,367,0
Bahadur Singh Koli,Rajasthan,Bharatpur,Bharatiya Janata Party,96%,16,105,0
Baijayant Jay Panda,Odisha,Kendrapara,Biju Janata Dal,82%,18,457,21
Balabhadra Majhi,Odisha,Nabarangpur,Biju Janata Dal,81%,75,170,0
Balka Suman,Telangana,Peddapalle,Telangana Rashtra Samithi,52%,8,264,2
Bandaru Dattatreya,Telangana,Secunderabad,Bharatiya Janata Party,78%,3,12,0
Banshilal Mahto,Chhattisgarh,Korba,Bharatiya Janata Party,84%,34,380,0
Begum Tabassum Hasan,Uttar Pradesh,Kairana,Rashtriya Lok Dal,82%,1,0,0
Bhagat Singh Koshyari,Uttarakhand,Nainital-Udhamsingh Nagar,Bharatiya Janata Party,89%,11,10,0
Bhagirath Prasad,Madhya Pradesh,Bhind,Bharatiya Janata Party,84%,25,69,0
Bhagwant Mann,Punjab,Sangrur,Aam Aadmi Party,56%,99,54,0
Bhagwanth Khuba,Karnataka,Bidar,Bharatiya Janata Party,81%,15,309,0
Bhairon Prasad Mishra,Uttar Pradesh,Banda,Bharatiya Janata Party,100%,1872,490,11
Bhanu Pratap Singh Verma,Uttar Pradesh,Jalaun,Bharatiya Janata Party,96%,106,111,0
Bharat Singh,Uttar Pradesh,Ballia,Bharatiya Janata Party,94%,50,386,0
Bharatendra Singh,Uttar Pradesh,Bijnor,Bharatiya Janata Party,90%,19,276,0
Bharatiben Dhirubhai Shiyal,Gujarat,Bhavnagar,Bharatiya Janata Party,94%,33,158,0
Bhartruhari Mahtab,Odisha,Cuttack,Biju Janata Dal,94%,228,528,18
Bhavana Pundlikrao Gawali Patil,Maharashtra,Yavatmal-Washim,Shiv Sena,75%,32,290,0
Bheemrao B. Patil,Telangana,Zahirabad,Telangana Rashtra Samithi,79%,40,391,0
Bhola Singh,Uttar Pradesh,Bulandshahr,Bharatiya Janata Party,98%,18,153,9
Bhuwan Chandra Khanduri,Uttarakhand,Garhwal,Bharatiya Janata Party,94%,12,104,5
Bidyut Baran Mahato,Jharkhand,Jamshedpur,Bharatiya Janata Party,93%,90,790,2
Bijoy Chandra Barman,West Bengal,Jalpaiguri,All India Trinamool Congress,54%,2,0,0
Bijoya Chakravarty,Assam,Gauhati,Bharatiya Janata Party,69%,31,38,0
Biren Singh Engti,Assam,Autonomous District,Indian National Congress,81%,0,1,1
Birendra Kumar Chaudhary,Bihar,Jhanjharpur,Bharatiya Janata Party,97%,38,33,0
Bishnu Pada Ray,Andaman and Nicobar Islands,Andaman and Nicobar Islands,Bharatiya Janata Party,88%,31,99,0
Bodhsingh Bhagat,Madhya Pradesh,Balaghat,Bharatiya Janata Party,83%,21,98,0
Boora Narsaiah Goud,Telangana,Bhongir,Telangana Rashtra Samithi,57%,61,205,6
Brij Bhushan Sharan Singh,Uttar Pradesh,Kaiserganj,Bharatiya Janata Party,87%,6,22,0
Butta Renuka,Andhra Pradesh,Kurnool,Yuvajana Sramika Rythu Congress Party,65%,49,116,0
C. Gopalakrishnan,Tamil Nadu,Nilgiris,All India Anna Dravida Munnetra Kazhagam,73%,34,576,0
C. L. Ruala,Mizoram,Mizoram,Indian National Congress,91%,2,4,0
C. Mahendran,Tamil Nadu,Pollachi,All India Anna Dravida Munnetra Kazhagam,84%,40,402,0
C. R. Patil,Gujarat,Navsari,Bharatiya Janata Party,90%,6,289,6
C.N. Jayadevan,Kerala,Thrissur,Communist Party of India,82%,64,370,0
C.R. Choudhary,Rajasthan,Nagaur,Bharatiya Janata Party,97%,133,322,0
C.S. Puttaraju,Karnataka,Mandya,Janata Dal (Secular),55%,1,579,0
Chand Nath,Rajasthan,Alwar,Bharatiya Janata Party,47%,23,88,0
Chandra Prakash Joshi,Rajasthan,Chittorgarh,Bharatiya Janata Party,95%,376,572,4
Chandrakant Bhaurao Khaire,Maharashtra,Aurangabad,Shiv Sena,72%,62,548,10
Chandu Lal Sahu,Chhattisgarh,Mahasamund,Bharatiya Janata Party,95%,15,203,0
Charanjeet Singh Rori,Haryana,Sirsa,Indian National Lok Dal,87%,9,78,0
Chauhan Devusinh Jesingbhai,Gujarat,Kheda,Bharatiya Janata Party,82%,21,271,0
Chavda Vinod Lakhamashi,Gujarat,Kachchh,Bharatiya Janata Party,83%,7,210,0
Chhedi Paswan,Bihar,Sasaram,Bharatiya Janata Party,94%,44,55,0
Chhotelal,Uttar Pradesh,Robertsganj,Bharatiya Janata Party,87%,21,35,0
Chintaman Navasha Wanga,Maharashtra,Palghar,Bharatiya Janata Party,98%,32,267,0
Chintamani Malviya,Madhya Pradesh,Ujjain,Bharatiya Janata Party,76%,28,187,0
Chirag Kumar Paswan,Bihar,Jamui,Lok Jan Shakti Party,94%,16,84,0
Choudhury Mohan Jatua,West Bengal,Mathurapur,All India Trinamool Congress,75%,0,0,0
Chudasama Rajeshbhai Naranbhai,Gujarat,Junagadh,Bharatiya Janata Party,73%,5,475,0
Conrad Kongkal Sangma,Meghalaya,Tura,National Peoples Party,50%,5,16,0
D.K. Suresh,Karnataka,Bangalore Rural,Indian National Congress,86%,86,577,0
D.V. Sadananda Gowda,Karnataka,Bangalore North,Bharatiya Janata Party,N/A,N/A,N/A,N/A
Daddan Mishra,Uttar Pradesh,Shrawasti,Bharatiya Janata Party,93%,103,35,1
Dalpat Singh Paraste,Madhya Pradesh,Shahdol,Bharatiya Janata Party,90%,4,224,0
Darshana Vikram Jardosh,Gujarat,Surat,Bharatiya Janata Party,94%,69,343,7
Dasrath Tirkey,West Bengal,Alipurduars,All India Trinamool Congress,67%,4,0,0
Dayakar Pasunoori,Telangana,Warangal,Telangana Rashtra Samithi,52%,0,5,1
Deepender Singh Hooda,Haryana,Rohtak,Indian National Congress,80%,51,98,3
Devendra Singh @ Bhole Singh,Uttar Pradesh,Akbarpur,Bharatiya Janata Party,91%,63,113,0
Devji Patel,Rajasthan,Jalore,Bharatiya Janata Party,82%,195,531,9
Dhananjay Bhimrao Mahadik,Maharashtra,Kolhapur,Nationalist Congress Party,74%,59,1017,1
Dharam Vira Gandhi,Punjab,Patiala,Aam Aadmi Party,57%,59,15,5
Dharambir,Haryana,Bhiwani-Mahendragarh,Bharatiya Janata Party,94%,12,195,0
Dharmendra Kumar,Uttar Pradesh,Aonla,Bharatiya Janata Party,94%,8,1,0
Dharmendra Yadav,Uttar Pradesh,Badaun,Samajwadi Party,82%,51,892,0
Dhruva Narayana Rangaswamy,Karnataka,Chamrajanagar,Indian National Congress,82%,106,605,2
Dibyendu Adhikari,West Bengal,Tamluk,All India Trinamool Congress,48%,0,87,0
Dileepsingh Bhuria,Madhya Pradesh,Ratlam,Bharatiya Janata Party,94%,2,92,0
Dilip Kumar Mansukhlal Gandhi,Maharashtra,Ahmednagar,Bharatiya Janata Party,67%,36,314,2
Dilip Patel,Gujarat,Anand,Bharatiya Janata Party,68%,0,228,0
Dimple Yadav,Uttar Pradesh,Kannauj,Samajwadi Party,31%,2,0,0
Dinesh Kashyap,Chhattisgarh,Bastar,Bharatiya Janata Party,76%,6,7,0
Dinesh Trivedi,West Bengal,Barrackpur,All India Trinamool Congress,81%,21,214,0
Dr Bhola Singh,Bihar,Begusarai,Bharatiya Janata Party,85%,46,262,0
Dushyant Chautala,Haryana,Hisar,Indian National Lok Dal,84%,218,622,18
Dushyant Singh,Rajasthan,Jhalawar-Baran,Bharatiya Janata Party,74%,33,246,0
E. Ahamed,Kerala,Malappuram,Indian Union Muslim League,64%,14,53,0
E. T. Mohammed Basheer,Kerala,Ponnani,Indian Union Muslim League,80%,84,287,4
Faggan Singh Kulaste,Madhya Pradesh,Mandla,Bharatiya Janata Party,88%,17,100,1
Farooq Abdullah,Jammu and Kashmir,Srinagar,Jammu and Kashmir National Conference,68%,1,6,0
Fatepara Devajibhai Govindbhai,Gujarat,Surendranagar,Bharatiya Janata Party,86%,2,197,0
Feroze Varun Gandhi,Uttar Pradesh,Sultanpur,Bharatiya Janata Party,76%,16,393,9
G. Hari,Tamil Nadu,Arakkonam,All India Anna Dravida Munnetra Kazhagam,88%,53,480,0
Gajanan Chandrakant Kirtikar,Maharashtra,Mumbai-North-West,Shiv Sena,78%,67,924,4
Gajendrasingh Shekhawat,Rajasthan,Jodhpur,Bharatiya Janata Party,91%,320,312,2
Ganesh Singh,Madhya Pradesh,Satna,Bharatiya Janata Party,86%,131,357,0
George Baker,,,Bharatiya Janata Party,97%,32,200,0
Giriraj Singh,Bihar,Nawada,Bharatiya Janata Party,85%,0,5,0
Godam Nagesh,Telangana,Adilabad,Telangana Rashtra Samithi,84%,4,9,0
Godse Hemant Tukaram,Maharashtra,Nashik,Shiv Sena,88%,31,407,0
Gokaraju Ganga Raju,Andhra Pradesh,Narsapuram,Bharatiya Janata Party,82%,2,224,0
Gopal Chinayya Shetty,Maharashtra,Mumbai-North,Bharatiya Janata Party,100%,104,416,26
Gourav Gogoi,Assam,Kaliabor,Indian National Congress,79%,81,266,3
Gowdar Mallikarjunappa Siddeswara,Karnataka,Davanagere,Bharatiya Janata Party,58%,2,198,0
Gurjeet Singh Aujla,Punjab,Amritsar,Indian National Congress,89%,10,21,0
Gyan Singh,Madhya Pradesh,Shahdol,Bharatiya Janata Party,49%,0,1,0
H.D. Devegowda,Karnataka,Hassan,Janata Dal (Secular),53%,16,0,0
Hansraj Gangaram Ahir,Maharashtra,Chandrapur,Bharatiya Janata Party,91%,10,115,4
Hari Manjhi,Bihar,Gaya,Bharatiya Janata Party,97%,17,226,0
Hari Om Pandey,Uttar Pradesh,Ambedkar Nagar,Bharatiya Janata Party,92%,2,194,0
Haribansh Singh,Uttar Pradesh,Pratapgarh,Apna Dal,91%,28,907,0
Haribhai Parthibhai Chaudhary,Gujarat,Banaskantha,Bharatiya Janata Party,97%,7,12,0
Harinarayan Rajbhar,Uttar Pradesh,Ghosi,Bharatiya Janata Party,96%,29,149,1
Harinder Singh Khalsa,Punjab,Fatehgarh Sahib,Aam Aadmi Party,78%,1,43,0
Hariom Singh Rathore,Rajasthan,Rajsamand,Bharatiya Janata Party,81%,58,214,0
Harish Chandra Alias Harish Dwivedi,Uttar Pradesh,Basti,Bharatiya Janata Party,86%,33,284,0
Harish Chandra Meena,Rajasthan,Dausa,Bharatiya Janata Party,99%,88,296,1
Harishchandra Deoram Chavan,Maharashtra,Dindori,Bharatiya Janata Party,86%,32,585,0
Harsh Vardhan,Delhi,Chandni Chowk,Bharatiya Janata Party,N/A,N/A,N/A,N/A
Harsimrat Kaur Badal,Punjab,Bathinda,Shiromani Akali Dal,N/A,N/A,N/A,N/A
Heena Vaijaykumar Gavit,Maharashtra,Nandurbar,Bharatiya Janata Party,82%,55,945,0
Hema Malini,Uttar Pradesh,Mathura,Bharatiya Janata Party,40%,17,203,0
Hemendra Chandra Singh,Odisha,Kandhamal,Biju Janata Dal,97%,0,0,0
Hukamdeo Narayan Yadav,Bihar,Madhubani,Bharatiya Janata Party,97%,36,31,0
Hukum Singh,Uttar Pradesh,Kairana,Bharatiya Janata Party,95%,57,202,0
Idris Ali,West Bengal,Basirhat,All India Trinamool Congress,67%,20,17,0
Inderjit Singh Rao,Haryana,Gurgaon,Bharatiya Janata Party,N/A,N/A,N/A,N/A
Innocent,Kerala,Chalakudy,Independent,68%,35,217,0
J. Jayavardhan,Tamil Nadu,Chennai South,All India Anna Dravida Munnetra Kazhagam,85%,59,685,0
J. Jeyasingh Thiyagaraj Natterjee,Tamil Nadu,Thoothukkudi,All India Anna Dravida Munnetra Kazhagam,82%,21,255,0
J.C. Divakar Reddi,Andhra Pradesh,Anantapur,Telugu Desam Party,75%,4,315,1
Jadhav Prataprao Ganpatrao,Maharashtra,Buldhana,Shiv Sena,72%,50,470,0
Jagdambika Pal,Uttar Pradesh,Domariyaganj,Bharatiya Janata Party,93%,185,336,14
Jai Prakash Narayan Yadav,Bihar,Banka,Rashtriya Janata Dal,87%,183,148,2
Janak Ram,Bihar,Gopalganj,Bharatiya Janata Party,97%,20,143,0
Janardan Mishra,Madhya Pradesh,Rewa,Bharatiya Janata Party,92%,34,130,0
Janardan Singh Sigriwal,Bihar,Maharajganj,Bharatiya Janata Party,96%,71,380,10
Jasvantsinh Sumanbhai Bhabhor,Gujarat,Dahod,Bharatiya Janata Party,90%,11,138,0
Jayadev Galla,Andhra Pradesh,Guntur,Telugu Desam Party,85%,109,451,6
Jayant Sinha,Jharkhand,Hazaribagh,Bharatiya Janata Party,97%,2,9,0
Jayshreeben Kanubhai Patel,Gujarat,Mehesana,Bharatiya Janata Party,98%,122,375,6
Jhina Hikaka,Odisha,Koraput,Biju Janata Dal,68%,7,13,0
Jitendra Choudhury,Tripura,Tripura East,Communist Party of India (Marxist),82%,110,272,0
Jitendra Singh,Jammu and Kashmir,Udhampur,Bharatiya Janata Party,N/A,N/A,N/A,N/A
Joice George,Kerala,Idukki,Independent,87%,274,489,3
Jose K. Mani,Kerala,Kottayam,Kerala Congress (M),77%,109,372,0
Jual @ Juel Oram,Odisha,Sundargarh,Bharatiya Janata Party,N/A,N/A,N/A,N/A
Jugal Kishore,Jammu and Kashmir,Jammu,Bharatiya Janata Party,90%,83,239,0
Jyoti Dhurve,Madhya Pradesh,Betul,Bharatiya Janata Party,84%,61,222,0
Jyotiraditya Madhavrao Scindia,Madhya Pradesh,Guna,Indian National Congress,79%,48,787,1
K. Ashok Kumar,Tamil Nadu,Krisnagiri,All India Anna Dravida Munnetra Kazhagam,88%,85,381,0
K. C. Venugopal,Kerala,Alappuzha,Indian National Congress,83%,128,326,0
K. Gopal,Tamil Nadu,Nagapattinam,All India Anna Dravida Munnetra Kazhagam,80%,35,283,0
K. Kamaraj,Tamil Nadu,Kallakurichi,All India Anna Dravida Munnetra Kazhagam,87%,51,207,0
K. Maragatham,Tamil Nadu,Kancheepuram,All India Anna Dravida Munnetra Kazhagam,83%,41,476,0
K. Parasuraman,Tamil Nadu,Thanjavur,All India Anna Dravida Munnetra Kazhagam,71%,78,531,0
K.C. Patel,Gujarat,Valsad,Bharatiya Janata Party,81%,1,0,0
K.H. Muniyappa,Karnataka,Kolar,Indian National Congress,77%,23,0,0
K.N. Ramachandran,Tamil Nadu,Sriperumbudur,All India Anna Dravida Munnetra Kazhagam,73%,26,418,0
K.R.P. Prabakaran,Tamil Nadu,Tirunelveli,All India Anna Dravida Munnetra Kazhagam,81%,13,112,0
K.V. Thomas,Kerala,Ernakulam,Indian National Congress,74%,38,257,0
Kadiyam Srihari,Telangana,Warangal,Telangana Rashtra Samithi,48%,5,0,0
Kakoli Ghosh Dastidar,West Bengal,Barasat,All India Trinamool Congress,59%,15,10,1
Kalikesh Narayan Singh Deo,Odisha,Bolangir,Biju Janata Dal,78%,18,404,3
Kalraj Mishra,Uttar Pradesh,Deoria,Bharatiya Janata Party,92%,0,0,0
Kalvakuntla Kavitha,Telangana,Nizamabad,Telangana Rashtra Samithi,58%,41,272,1
Kalyan Banerjee,West Bengal,Serampore,All India Trinamool Congress,74%,53,75,0
Kamakhya Prasad Tasa,Assam,Jorhat,Bharatiya Janata Party,74%,41,100,0
Kamal Nath,Madhya Pradesh,Chhindwara,Indian National Congress,63%,0,242,0
Kamalbhan Singh Marabi,Chhattisgarh,Surguja,Bharatiya Janata Party,73%,8,27,0
Kambhampati Hari Babu,Andhra Pradesh,Visakhapatnam,Bharatiya Janata Party,97%,12,285,0
Kamla Devi Patle,Chhattisgarh,Janjgir-Champa,Bharatiya Janata Party,81%,33,584,0
Kamlesh Paswan,Uttar Pradesh,Bansgaon,Bharatiya Janata Party,73%,13,40,0
Kantilal Bhuria,Madhya Pradesh,Ratlam,Indian National Congress,72%,9,26,0
Kanwar Singh Tanwar,Uttar Pradesh,Amroha,Bharatiya Janata Party,89%,22,330,0
Kapil Krishna Thakur,West Bengal,Bongaon,All India Trinamool Congress,48%,0,0,0
Kapil Moreshwar Patil,Maharashtra,Bhiwandi,Bharatiya Janata Party,93%,51,424,0
Karadi Sanganna Amarappa,Karnataka,Koppal,Bharatiya Janata Party,81%,34,148,0
Karan Singh Yadav,Rajasthan,Alwar,Indian National Congress,95%,10,12,0
Kariya Munda,Jharkhand,Khunti,Bharatiya Janata Party,96%,2,0,0
Kaushal Kishore,Uttar Pradesh,Mohanlalganj,Bharatiya Janata Party,91%,35,181,0
Kaushalendra Kumar,Bihar,Nalanda,Janata Dal (United),96%,213,371,0
Keshav Prasad Maurya,Uttar Pradesh,Phulpur,Bharatiya Janata Party,70%,122,158,0
Kesineni Srinivas,Andhra Pradesh,Vijayawada,Telugu Desam Party,83%,27,288,2
Kiren Rijiju,Arunachal Pradesh,Arunachal West,Bharatiya Janata Party,N/A,N/A,N/A,N/A
Kirit Premjibhai Solanki,Gujarat,Ahmedabad West,Bharatiya Janata Party,97%,316,367,27
Kirit Somaiya,Maharashtra,Mumbai-North-East,Bharatiya Janata Party,97%,113,420,2
Kirron Anupam Kher,Chandigarh,Chandigarh,Bharatiya Janata Party,85%,37,288,1
Kirti (Jha) Azad,Bihar,Darbhanga,Bharatiya Janata Party,95%,27,419,4
Kirti Vardhan Singh,Uttar Pradesh,Gonda,Bharatiya Janata Party,77%,11,115,0
Konakalla Narayana Rao,Andhra Pradesh,Machilipatnam,Telugu Desam Party,83%,2,160,0
Konda Vishweshwar Reddy,Telangana,Chelvella,Telangana Rashtra Samithi,96%,63,205,1
Kotha Prabhakar Reddy,Telangana,Medak,Telangana Rashtra Samithi,57%,20,348,0
Kothapalli Geetha,Andhra Pradesh,Araku,Yuvajana Sramika Rythu Congress Party,97%,88,599,0
Krishan Pal,Haryana,Faridabad,Bharatiya Janata Party,N/A,N/A,N/A,N/A
Krishna Pratap K.P.,Uttar Pradesh,Jaunpur,Bharatiya Janata Party,93%,5,96,0
Krishna Raj,Uttar Pradesh,Shahjahanpur,Bharatiya Janata Party,96%,50,68,0
Kristappa Nimmala,Andhra Pradesh,Hindupur,Telugu Desam Party,88%,15,188,0
Krupal Balaji Tumane,Maharashtra,Ramtek,Shiv Sena,86%,41,428,0
Kulamani Samal,Odisha,Jagatsinghpur,Biju Janata Dal,100%,176,118,0
Kunwer Sarvesh Kumar,Uttar Pradesh,Moradabad,Bharatiya Janata Party,81%,0,106,0
Ladu Kishore Swain,Odisha,Aska,Biju Janata Dal,93%,15,53,0
Lakhan Lal Sahu,Chhattisgarh,Bilaspur,Bharatiya Janata Party,88%,80,191,0
Lal Krishna Advani,Gujarat,Gandhinagar,Bharatiya Janata Party,92%,1,0,0
Lallu Singh,Uttar Pradesh,Faizabad,Bharatiya Janata Party,93%,21,235,0
Lalubhai Babubhai Patel,Daman and Diu,Daman and Diu,Bharatiya Janata Party,75%,5,21,0
Laxman Giluwa,Jharkhand,Singhbhum,Bharatiya Janata Party,92%,26,458,0
Laxmi Narayan Yadav,Madhya Pradesh,Sagar,Bharatiya Janata Party,94%,41,315,0
Liladharbhai Khodaji Vaghela,Gujarat,Patan,Bharatiya Janata Party,77%,0,11,0
M. B. Rajesh,Kerala,Palakkad,Communist Party of India (Marxist),84%,217,518,0
M. Chandrakasi,Tamil Nadu,Chidambaram,All India Anna Dravida Munnetra Kazhagam,78%,21,275,0
M. I. Shanavas,Kerala,Wayanad,Indian National Congress,68%,45,225,0
M. K. Raghavan,Kerala,Kozhikode,Indian National Congress,76%,67,314,15
M. Udhaya Kumar,Tamil Nadu,Dindigul,All India Anna Dravida Munnetra Kazhagam,84%,49,439,0
M. Vasanthi,Tamil Nadu,Tenkasi,All India Anna Dravida Munnetra Kazhagam,76%,21,230,0
M. Veerappa Moily,Karnataka,Chikkballapur,Indian National Congress,89%,21,10,0
Madhukrao Yashwantrao Kukade,Maharashtra,Bhandara-Gondiya,Nationalist Congress Party,91%,3,0,0
Maganti Venkateswara Rao (Babu),Andhra Pradesh,Eluru,Telugu Desam Party,81%,0,49,0
Mahboob Ali Kaiser,Bihar,Khagaria,Lok Jan Shakti Party,88%,2,4,0
Maheish Girri,Delhi,East Delhi,Bharatiya Janata Party,94%,43,407,18
Mahendra Nath Pandey,Uttar Pradesh,Chandauli,Bharatiya Janata Party,86%,50,60,1
Mahesh Sharma,Uttar Pradesh,Gautam Buddha Nagar,Bharatiya Janata Party,97%,1,0,0
Mala Rajya Laxmi Shah,Uttarakhand,Tehri Garhwal,Bharatiya Janata Party,89%,30,33,0
Malla Reddy,Telangana,Malkajgiri,Telugu Desam Party,80%,21,418,0
Mallikarjun Kharge,Karnataka,Gulbarga,Indian National Congress,90%,138,291,0
Malyadri Sriram,Andhra Pradesh,Bapatla,Telugu Desam Party,91%,3,176,0
Mamata Thakur,West Bengal,Bongaon,All India Trinamool Congress,72%,6,0,0
Mamtaz Sanghamita,West Bengal,Bardhaman-Durgapur,All India Trinamool Congress,86%,66,48,0
Maneka Gandhi,Uttar Pradesh,Pilibhit,Bharatiya Janata Party,N/A,N/A,N/A,N/A
Manohar Untwal,Madhya Pradesh,Dewas,Bharatiya Janata Party,59%,1,52,0
Manoj Rajoria,Rajasthan,Karauli-Dholpur,Bharatiya Janata Party,93%,261,393,12
Manoj Sinha,Uttar Pradesh,Ghazipur,Bharatiya Janata Party,N/A,N/A,N/A,N/A
Manoj Tiwari,Delhi,North East Delhi,Bharatiya Janata Party,79%,9,230,0
Manshankar Ninama,Rajasthan,Banswara,Bharatiya Janata Party,80%,16,260,0
Mansukhbhai D. Vasava,Gujarat,Bharuch,Bharatiya Janata Party,87%,25,220,0
Mausam Noor,West Bengal,Maldaha Uttar,Indian National Congress,48%,9,217,0
Md. Salim,West Bengal,Raiganj,Communist Party of India (Marxist),84%,73,81,0
Meenakashi Lekhi,Delhi,New Delhi,Bharatiya Janata Party,95%,108,391,15
Mehbooba Mufti,Jammu and Kashmir,Anantnag,Jammu and Kashmir Peoples Democratic Party,35%,9,26,0
Mekapati Rajamohan Reddy,Andhra Pradesh,Nellore,Yuvajana Sramika Rythu Congress Party,91%,59,310,0
Mohanbhai Kalyanjibhai Kundariya,Gujarat,Rajkot,Bharatiya Janata Party,97%,16,197,0
Mriganka Mahato,West Bengal,Purulia,All India Trinamool Congress,72%,5,8,0
Mukesh Rajput,Uttar Pradesh,Farrukhabad,Bharatiya Janata Party,91%,41,28,0
Mulayam Singh Yadav,Uttar Pradesh,Azamgarh,Samajwadi Party,81%,41,0,0
Munisamy Thambidurai,Tamil Nadu,Karur,All India Anna Dravida Munnetra Kazhagam,58%,29,13,0
Murali Mohan Maganti,Andhra Pradesh,Rajahmundry,Telugu Desam Party,85%,53,233,1
Murli Manohar Joshi,Uttar Pradesh,Kanpur,Bharatiya Janata Party,90%,0,2,0
Muttamsetti Srinivasa Rao (Avanthi),Andhra Pradesh,Anakapalli,Telugu Desam Party,83%,72,322,0
Muzaffar Hussain Baig,Jammu and Kashmir,Baramulla,Jammu and Kashmir Peoples Democratic Party,11%,2,19,0
N.K.Premachandran,Kerala,Kollam,Revolutionary Socialist Party,88%,270,432,4
Naba Kumar Sarania (Hira),Assam,Kokrajhar,Independent,78%,18,66,0
Nagendra Kumar Pradhan,Odisha,Sambalpur,Biju Janata Dal,93%,48,540,1
Nagendra Pratap Singh Patel,Uttar Pradesh,Phulpur,Samajwadi Party,92%,1,0,0
Nagendra Singh,Madhya Pradesh,Khajuraho,Bharatiya Janata Party,83%,7,0,0
Nalin Kumar Kateel,Karnataka,Dakshina Kannada,Bharatiya Janata Party,92%,43,610,0
Nanabhau Falgunrao Patole,Maharashtra,Bhandara-Gondiya,Bharatiya Janata Party,93%,89,351,1
Nandkumar Singh Chouhan (Nandu Bhaiya),Madhya Pradesh,Khandwa,Bharatiya Janata Party,52%,5,6,0
Naramalli Sivaprasad,Andhra Pradesh,Chittoor,Telugu Desam Party,44%,0,58,0
Naranbhai Kachhadia,Gujarat,Amreli,Bharatiya Janata Party,92%,120,668,1
Narendra Keshav Sawaikar,Goa,South Goa,Bharatiya Janata Party,88%,18,381,1
Narendra Modi,Uttar Pradesh,Varanasi,Bharatiya Janata Party,N/A,N/A,N/A,N/A
Narendra Singh Tomar,Madhya Pradesh,Gwalior,Bharatiya Janata Party,N/A,N/A,N/A,N/A
Natubhai Gomanbhai Patel,Dadra and Nagar Haveli,Dadra and Nagar Haveli,Bharatiya Janata Party,66%,0,81,0
Neelam Sonkar,Uttar Pradesh,Lalganj,Bharatiya Janata Party,94%,49,340,0
Neiphiu Rio,Nagaland,Nagaland,Nagaland Peoples Front,58%,14,20,0
Nepal Singh,Uttar Pradesh,Rampur,Bharatiya Janata Party,89%,20,38,0
Nihalchand,Rajasthan,Ganganagar,Bharatiya Janata Party,89%,24,121,0
Ninong Ering,Arunachal Pradesh,Arunachal East,Indian National Congress,71%,50,289,5
Niranjan Jyoti,Uttar Pradesh,Fatehpur,Bharatiya Janata Party,100%,18,1,0
Nishikant Dubey,Jharkhand,Godda,Bharatiya Janata Party,98%,296,609,36
Nitin Jairam Gadkari,Maharashtra,Nagpur,Bharatiya Janata Party,N/A,N/A,N/A,N/A
Nityanand Rai,Bihar,Ujiarpur,Bharatiya Janata Party,68%,7,141,0
Om Birla,Rajasthan,Kota,Bharatiya Janata Party,87%,153,618,5
Om Prakash Yadav,Bihar,Siwan,Bharatiya Janata Party,85%,33,369,21
P. C. Mohan,Karnataka,Bangalore Central,Bharatiya Janata Party,82%,21,287,0
P. K. Biju,Kerala,Alathur,Communist Party of India (Marxist),89%,291,525,0
P. Karunakaran,Kerala,Kasaragod,Communist Party of India (Marxist),79%,186,296,13
P. Kumar,Tamil Nadu,Tiruchirappalli,All India Anna Dravida Munnetra Kazhagam,79%,38,451,0
P. Nagarajan,Tamil Nadu,Coimbatore,All India Anna Dravida Munnetra Kazhagam,79%,26,540,0
P. Radhakrishnan,Tamil Nadu,Kanniyakumari,Bharatiya Janata Party,N/A,N/A,N/A,N/A
P. Venugopal,Tamil Nadu,Tiruvallur,All India Anna Dravida Munnetra Kazhagam,86%,64,594,0
P.C. Gaddigoudar,Karnataka,Bagalkot,Bharatiya Janata Party,86%,8,94,0
P.K. Kunhalikutty,Kerala,Malappuram,Indian Union Muslim League,46%,5,47,0
P.K. Sreemathi Teacher,Kerala,Kannur,Communist Party of India (Marxist),77%,152,460,0
P.P. Chaudhary,Rajasthan,Pali,Bharatiya Janata Party,98%,359,394,18
P.P. Mohammed Faizal,Lakshadweep,Lakshadweep,Nationalist Congress Party,81%,46,343,0
P.R. Senthilnathan,Tamil Nadu,Sivaganga,All India Anna Dravida Munnetra Kazhagam,69%,42,460,0
P.R. Sundaram,Tamil Nadu,Namakkal,All India Anna Dravida Munnetra Kazhagam,84%,92,637,0
P.V. Midhun Reddy,Andhra Pradesh,Rajampet,Yuvajana Sramika Rythu Congress Party,53%,19,171,0
Pandula Ravindra Babu,Andhra Pradesh,Amalapuram,Telugu Desam Party,96%,64,138,1
Pankaj Chowdhary,Uttar Pradesh,Maharajganj,Bharatiya Janata Party,82%,28,308,2
Paresh Rawal,Gujarat,Ahmedabad East,Bharatiya Janata Party,66%,7,184,0
Partha Pratim Ray,West Bengal,Cooch Behar,All India Trinamool Congress,77%,5,27,0
Parvesh Sahib Singh Verma,Delhi,West Delhi,Bharatiya Janata Party,97%,17,157,3
Pashupati Nath Singh,Jharkhand,Dhanbad,Bharatiya Janata Party,92%,43,164,0
Pinaki Misra,Odisha,Puri,Biju Janata Dal,84%,11,299,0
Ponguleti Srinivasa Reddy,Telangana,Khammam,Yuvajana Sramika Rythu Congress Party,66%,32,381,0
Poonam Mahajan Alias Poonam Vajendla Rao,Maharashtra,Mumbai-North-Central,Bharatiya Janata Party,80%,30,394,5
Poonamben Hematbhai Maadam,Gujarat,Jamnagar,Bharatiya Janata Party,83%,31,305,0
Prabhas Kumar Singh,Odisha,Bargarh,Biju Janata Dal,87%,53,128,0
Prabhatsinh Pratapsinh Chauhan,Gujarat,Panchmahal,Bharatiya Janata Party,91%,3,9,0
Pradan Baruah,Assam,Lakhimpur,Bharatiya Janata Party,65%,0,1,0
Prahlad Singh Patel,Madhya Pradesh,Damoh,Bharatiya Janata Party,95%,150,407,6
Prakash Babanna Hukkeri,Karnataka,Chikkodi,Indian National Congress,33%,11,3,0
Pralhad Venkatesh Joshi,Karnataka,Dharwad,Bharatiya Janata Party,85%,79,411,5
Prasanna Kumar Patasani,Odisha,Bhubaneswar,Biju Janata Dal,76%,38,6,0
Prasun Banerjee,West Bengal,Howrah,All India Trinamool Congress,75%,1,50,0
Prathap Simha,Karnataka,Mysore,Bharatiya Janata Party,88%,13,613,0
Pratima Mondal,West Bengal,Jaynagar,All India Trinamool Congress,72%,61,37,0
Pratyusha Rajeshwari Singh,Odisha,Kandhamal,Biju Janata Dal,88%,16,157,0
Pravin Kumar Nishad,Uttar Pradesh,Gorakhpur,Samajwadi Party,54%,1,0,0
Prem Das Rai,Sikkim,Sikkim,Sikkim Democratic Front,81%,69,380,3
Prem Singh Chandumajra,Punjab,Anandpur Sahib,Shiromani Akali Dal,85%,162,380,0
Pritam Gopinath Munde,Maharashtra,Beed,Bharatiya Janata Party,56%,31,326,0
Priyanka Singh Rawat,Uttar Pradesh,Barabanki,Bharatiya Janata Party,84%,34,0,0
Purno Agitok Sangma,Meghalaya,Tura,National Peoples Party,75%,4,3,0
Pushpendra Singh Chandel,Uttar Pradesh,Hamirpur,Bharatiya Janata Party,98%,1708,405,15
R. Gopalakrishnan,Tamil Nadu,Madurai,All India Anna Dravida Munnetra Kazhagam,80%,24,398,0
R. Parthipan,Tamil Nadu,Theni,All India Anna Dravida Munnetra Kazhagam,80%,22,304,0
R. Radhakrishnan,Puducherry,Puducherry,All India N.R. Congress,60%,9,11,0
R. Vanaroja,Tamil Nadu,Tiruvannamalai,All India Anna Dravida Munnetra Kazhagam,78%,48,355,0
R.K. Bharathi Mohan,Tamil Nadu,Mayiladuthurai,All India Anna Dravida Munnetra Kazhagam,84%,50,264,0
R.P. Marutharajaa,Tamil Nadu,Perambalur,All India Anna Dravida Munnetra Kazhagam,70%,16,224,0
Rabindra Kumar Jena,Odisha,Balasore,Biju Janata Dal,96%,309,466,12
Radha Mohan Singh,Bihar,Purvi Champaran,Bharatiya Janata Party,N/A,N/A,N/A,N/A
Radheshyam Biswas,Assam,Karimganj,All India United Democratic Front,90%,64,204,0
Raghav Lakhanpal,Uttar Pradesh,Saharanpur,Bharatiya Janata Party,88%,53,330,5
Raghu Sharma,Rajasthan,Ajmer,Indian National Congress,95%,6,15,0
Rahul Gandhi,Uttar Pradesh,Amethi,Indian National Congress,52%,12,0,0
Rahul Kaswan,Rajasthan,Churu,Bharatiya Janata Party,97%,115,420,0
Rahul Ramesh Shewale,Maharashtra,Mumbai-South-Central,Shiv Sena,94%,189,760,8
Raj Kumar Saini,Haryana,Kurukshetra,Bharatiya Janata Party,86%,23,50,0
Raj Kumar Singh,Bihar,Arrah,Bharatiya Janata Party,97%,18,47,0
Rajan Baburao Vichare,Maharashtra,Thane,Shiv Sena,77%,48,451,0
Rajeev Shankarrao Satav,Maharashtra,Hingoli,Indian National Congress,81%,196,966,15
Rajen Gohain,Assam,Nawgong,Bharatiya Janata Party,68%,8,23,0
Rajendra Agrawal,Uttar Pradesh,Meerut,Bharatiya Janata Party,98%,161,270,5
Rajendra Dhedya Gavit,Maharashtra,Palghar,Bharatiya Janata Party,73%,0,0,0
Rajesh Kumar Diwaker,Uttar Pradesh,Hathras,Bharatiya Janata Party,99%,6,231,0
Rajesh Pandey Urf Guddu,Uttar Pradesh,Khushi Nagar,Bharatiya Janata Party,93%,9,92,2
Rajesh Ranjan @ Pappu Yadav,Bihar,Madhepura,Rashtriya Janata Dal,75%,210,303,19
Rajesh Verma,Uttar Pradesh,Sitapur,Bharatiya Janata Party,86%,15,227,0
Rajiv Pratap Rudy,Bihar,Saran,Bharatiya Janata Party,87%,13,98,6
Rajnath Singh,Uttar Pradesh,Lucknow,Bharatiya Janata Party,N/A,N/A,N/A,N/A
Raju Shetti,Maharashtra,Hatkanangle,Swabhimani Paksha,78%,51,405,3
Rajveer Singh (Raju Bhaiya),Uttar Pradesh,Etah,Bharatiya Janata Party,81%,14,20,0
Rajyavardhan Singh Rathore,Rajasthan,Jaipur Rural,Bharatiya Janata Party,94%,1,6,0
Rakesh Singh,Madhya Pradesh,Jabalpur,Bharatiya Janata Party,94%,37,240,7
Raksha Nikhil Khadase,Maharashtra,Raver,Bharatiya Janata Party,76%,50,434,0
Ram Chandra Paswan,Bihar,Samastipur,Lok Jan Shakti Party,80%,2,3,0
Ram Charitra Nishad,Uttar Pradesh,Machhlishahr,Bharatiya Janata Party,97%,22,511,0
Ram Kripal Yadav,Bihar,Pataliputra,Bharatiya Janata Party,91%,19,1,0
Ram Kumar Sharma,Bihar,Sitamarhi,Rashtriya Lok Samta Party,92%,24,163,0
Ram Prasad Sarmah,Assam,Tezpur,Bharatiya Janata Party,81%,55,126,0
Ram Shankar Katheria,Uttar Pradesh,Agra,Bharatiya Janata Party,74%,10,29,0
Ram Swaroop Sharma,Himachal Pradesh,Mandi,Bharatiya Janata Party,85%,19,55,0
Ram Tahal Choudhary,Jharkhand,Ranchi,Bharatiya Janata Party,96%,74,557,0
Ram Vilas Paswan,Bihar,Hajipur,Lok Jan Shakti Party,N/A,N/A,N/A,N/A
Rama Chandra Hansdah,Odisha,Mayurbhanj,Biju Janata Dal,16%,6,16,0
Rama Devi,Bihar,Sheohar,Bharatiya Janata Party,97%,120,517,6
Rama Kishore Singh,Bihar,Vaishali,Lok Jan Shakti Party,68%,14,196,0
Ramachandran Mullappally,Kerala,Vadakara,Indian National Congress,94%,155,592,11
Ramcharan Bohara,Rajasthan,Jaipur,Bharatiya Janata Party,88%,111,289,0
Ramdas Chandrabhanji Tadas,Maharashtra,Wardha,Bharatiya Janata Party,81%,48,412,0
Ramen Deka,Assam,Mangaldoi,Bharatiya Janata Party,87%,30,92,0
Ramesh Bais,Chhattisgarh,Raipur,Bharatiya Janata Party,89%,1,3,0
Ramesh Bidhuri,Delhi,South Delhi,Bharatiya Janata Party,94%,81,180,4
Ramesh Chandappa Jigajinagi,Karnataka,Bijapur,Bharatiya Janata Party,97%,0,1,0
Ramesh Chander Kaushik,Haryana,Sonipat,Bharatiya Janata Party,100%,17,202,1
Ramesh Pokhriyal Nishank,Uttarakhand,Hardwar,Bharatiya Janata Party,87%,117,351,19
Rameswar Teli,Assam,Dibrugarh,Bharatiya Janata Party,93%,73,86,0
Rammohan Naidu Kinjarapu,Andhra Pradesh,Srikakulam,Telugu Desam Party,94%,91,411,1
Ramsinhbhai Patalyabhai Rathwa,Gujarat,Chhota Udaipur,Bharatiya Janata Party,89%,28,462,0
Ranjanben Bhatt,Gujarat,Vadodara,Bharatiya Janata Party,89%,28,356,0
Ranjeet Ranjan,Bihar,Supaul,Indian National Congress,90%,82,242,8
Ranjit Singh Brahmpura,Punjab,Khadoor Sahib,Shiromani Akali Dal,67%,6,30,0
Raosaheb Patil Danve,Maharashtra,Jalna,Bharatiya Janata Party,58%,6,100,0
Rathod Dipsinh Shankarsinh,Gujarat,Sabarkantha,Bharatiya Janata Party,94%,27,289,0
Ratna De,West Bengal,Hooghly,All India Trinamool Congress,80%,103,283,0
Rattan Lal Kataria,Haryana,Ambala,Bharatiya Janata Party,98%,113,312,0
Ravindra Kumar Pandey,Jharkhand,Giridih,Bharatiya Janata Party,90%,150,441,0
Ravindra Kumar Ray,Jharkhand,Kodarma,Bharatiya Janata Party,79%,58,330,0
Ravindra Kushawaha,Uttar Pradesh,Salempur,Bharatiya Janata Party,90%,19,83,0
Ravindra Vishwanath Gaikwad,Maharashtra,Osmanabad,Shiv Sena,64%,32,275,0
Ravneet Singh,Punjab,Ludhiana,Indian National Congress,89%,50,446,4
Rekha Verma,Uttar Pradesh,Dhaurahra,Bharatiya Janata Party,86%,49,167,0
Renuka Sinha,West Bengal,Cooch Behar,All India Trinamool Congress,57%,3,0,0
Richard Hay,,,Bharatiya Janata Party,86%,62,157,2
Rita Tarai,Odisha,Jajpur,Biju Janata Dal,83%,13,166,0
Riti Pathak,Madhya Pradesh,Sidhi,Bharatiya Janata Party,95%,89,285,0
Rodmal Nagar,Madhya Pradesh,Rajgarh,Bharatiya Janata Party,95%,261,419,0
S. Rajendran,Tamil Nadu,Viluppuram,All India Anna Dravida Munnetra Kazhagam,85%,16,180,0
S. Selvakumara Chinnayan,Tamil Nadu,Erode,All India Anna Dravida Munnetra Kazhagam,75%,24,92,0
S.P. Muddahanumegowda,Karnataka,Tumkur,Indian National Congress,92%,107,571,0
S.P.Y. Reddy,Andhra Pradesh,Nandyal,Yuvajana Sramika Rythu Congress Party,14%,0,0,0
S.R. Vijayakumar,Tamil Nadu,Chennai Central,All India Anna Dravida Munnetra Kazhagam,79%,61,780,0
S.S. Ahluwalia,West Bengal,Darjeeling,Bharatiya Janata Party,87%,30,0,0
Sadashiv Kisan Lokhande,Maharashtra,Shirdi,Shiv Sena,72%,19,504,5
Sadhu Singh,Punjab,Faridkot,Aam Aadmi Party,51%,6,55,0
Sajda Ahmed,West Bengal,Uluberia,All India Trinamool Congress,68%,0,12,0
Sakuntala Laguri,Odisha,Keonjhar,Biju Janata Dal,82%,10,254,0
Sambasiva Rayapati Rao,Andhra Pradesh,Narasaraopet,Telugu Desam Party,39%,5,348,0
Sandhya Roy,West Bengal,Medinipur,All India Trinamool Congress,50%,1,0,0
Sanjay (Bandu) Haribhau Jadhav,Maharashtra,Parbhani,Shiv Sena,57%,21,257,0
Sanjay Jaiswal,Bihar,Paschim Champaran,Bharatiya Janata Party,88%,86,311,7
Sanjay Shamrao Dhotre,Maharashtra,Akola,Bharatiya Janata Party,84%,26,546,0
Sanjaykaka Patil,Maharashtra,Sangli,Bharatiya Janata Party,56%,12,194,0
Sanjeev Kumar Balyan,Uttar Pradesh,Muzaffarnagar,Bharatiya Janata Party,89%,3,2,0
Sankar Prasad Datta,Tripura,Tripura West,Communist Party of India (Marxist),75%,140,262,5
Santokh Singh Chaudhary,Punjab,Jalandhar,Indian National Congress,89%,26,58,1
Santosh Ahlawat,Rajasthan,Jhunjhunu,Bharatiya Janata Party,94%,98,586,0
Santosh Kumar,Bihar,Purnia,Janata Dal (United),70%,24,160,0
Santosh Kumar Gangwar,Uttar Pradesh,Bareilly,Bharatiya Janata Party,N/A,0,0,0
Sanwar Lal Jat,Rajasthan,Ajmer,Bharatiya Janata Party,53%,0,3,0
Sarbananda Sonowal,Assam,Lakhimpur,Bharatiya Janata Party,N/A,0,0,0
Sarfaraz Alam,Bihar,Araria,Rashtriya Janata Dal,88%,0,3,0
Satabdi Roy,West Bengal,Birbhum,All India Trinamool Congress,73%,4,2,0
Satish Chandra Dubey,Bihar,Valmiki Nagar,Bharatiya Janata Party,89%,31,185,0
Satish Kumar,Uttar Pradesh,Aligarh,Bharatiya Janata Party,94%,12,37,0
Satya Pal Singh,Uttar Pradesh,Baghpat,Bharatiya Janata Party,96%,103,23,2
Satyapal Singh,Uttar Pradesh,Sambhal,Bharatiya Janata Party,97%,18,173,0
Saugata Roy,West Bengal,Dum Dum,All India Trinamool Congress,90%,207,527,5
Saumitra Khan,West Bengal,Bishnupur,All India Trinamool Congress,64%,8,12,0
Savitri Bai Foole,Uttar Pradesh,Bahraich,Bharatiya Janata Party,73%,37,19,0
Savitri Thakur,Madhya Pradesh,Dhar,Bharatiya Janata Party,92%,12,45,0
Shailesh Kumar Urph Bulo Mandal,Bihar,Bhagalpur,Rashtriya Janata Dal,76%,49,59,3
Shanta Kumar,Himachal Pradesh,Kangra,Bharatiya Janata Party,90%,0,13,0
Sharad Bansode,Maharashtra,Solapur,Bharatiya Janata Party,93%,6,37,0
Sharad Tripathi,Uttar Pradesh,Sant Kabir Nagar,Bharatiya Janata Party,98%,590,260,3
Shashi Tharoor,Kerala,Thiruvananthapuram,Indian National Congress,85%,77,426,8
Shatrughan Sinha,Bihar,Patna Sahib,Bharatiya Janata Party,68%,0,0,0
Sher Singh Ghubaya,Punjab,Ferozpur,Shiromani Akali Dal,67%,44,176,0
Shibu Soren,Jharkhand,Dumka,Jharkhand Mukti Morcha,38%,0,0,0
Shivaji Adhalrao Patil,Maharashtra,Shirur,Shiv Sena,68%,33,966,9
Shobha Karandlaje,Karnataka,Udupi Chikmagalur,Bharatiya Janata Party,89%,106,647,0
Shrikant Eknath Shinde,Maharashtra,Kalyan,Shiv Sena,83%,118,779,3
Shrimant Chh. Udyanraje Pratapsinhmaharaj Bhonsle,Maharashtra,Satara,Nationalist Congress Party,28%,0,0,0
Shripad Yesso Naik,Goa,North Goa,Bharatiya Janata Party,N/A,N/A,N/A,N/A
Shrirang Appa Barne,Maharashtra,Maval,Shiv Sena,94%,275,979,16
Shyama Charan Gupta,Uttar Pradesh,Allahabad,Bharatiya Janata Party,93%,27,62,0
Sidhant Mohapatra,Odisha,Berhampur,Biju Janata Dal,68%,6,0,0
Siraj Uddin Ajmal,Assam,Barpeta,All India United Democratic Front,35%,28,257,0
Sisir Kumar Adhikari,West Bengal,Kanthi,All India Trinamool Congress,47%,0,212,0
Sona Ram,Rajasthan,Barmer,Bharatiya Janata Party,96%,42,344,0
Sonia Gandhi,Uttar Pradesh,Rae Bareli,Indian National Congress,59%,6,0,0
Sreemati Dev Varma (Moon Moon Sen),West Bengal,Bankura,All India Trinamool Congress,66%,1,0,0
Subhash Baheria,Rajasthan,Bhilwara,Bharatiya Janata Party,97%,50,40,0
Subhash Patel,Madhya Pradesh,Khargone,Bharatiya Janata Party,91%,8,95,0
Subhash Ramrao Bhamre,Maharashtra,Dhule,Bharatiya Janata Party,77%,9,218,0
Subrata Bakshi,West Bengal,Kolkata Dakshin,All India Trinamool Congress,25%,0,0,0
Sudarshan Bhagat,Jharkhand,Lohardaga,Bharatiya Janata Party,N/A,N/A,N/A,N/A
Sudhir Gupta,Madhya Pradesh,Mandsour,Bharatiya Janata Party,90%,353,875,1
Sudip Bandyopadhyay,West Bengal,Kolkata Uttar,All India Trinamool Congress,58%,49,0,0
Sugata Bose,West Bengal,Jadavpur,All India Trinamool Congress,59%,29,3,2
Sukender Reddy Gutha,Telangana,Nalgonda,Indian National Congress,49%,13,320,0
Sukhbir Singh Jaunapuria,Rajasthan,Tonk-Sawai Madhopur,Bharatiya Janata Party,97%,70,283,10
Sultan Ahmed,West Bengal,Uluberia,All India Trinamool Congress,56%,16,232,0
Sumedhanand Saraswati,Rajasthan,Sikar,Bharatiya Janata Party,91%,79,470,0
Sumitra Mahajan,Madhya Pradesh,Indore,Bharatiya Janata Party,N/A,N/A,N/A,N/A
Sunil Baliram Gaikwad,Maharashtra,Latur,Bharatiya Janata Party,97%,38,624,0
Sunil Kumar Jakhar,Punjab,Gurdaspur,Indian National Congress,85%,1,13,0
Sunil Kumar Mondal,West Bengal,Bardhaman Purba,All India Trinamool Congress,86%,8,321,0
Sunil Kumar Singh,Jharkhand,Chatra,Bharatiya Janata Party,90%,104,565,19
Supriya Sule,Maharashtra,Baramati,Nationalist Congress Party,96%,113,1026,16
Suresh Channabasappa Angadi,Karnataka,Belgaum,Bharatiya Janata Party,91%,37,26,0
Suresh Kodikunnil,Kerala,Mavelikkara,Indian National Congress,71%,93,502,6
Sushil Kumar Singh,Bihar,Aurangabad,Bharatiya Janata Party,90%,75,407,3
Sushma Swaraj,Madhya Pradesh,Vidisha,Bharatiya Janata Party,N/A,N/A,N/A,N/A
Sushmita Dev,Assam,Silchar,Indian National Congress,80%,81,264,3
Suvendu Adhikari,West Bengal,Tamluk,All India Trinamool Congress,21%,8,53,0
Swami Sachchidanand Hari Sakshi,Uttar Pradesh,Unnao,Bharatiya Janata Party,94%,12,175,0
T. Radhakrishnan,Tamil Nadu,Virudhunagar,All India Anna Dravida Munnetra Kazhagam,74%,11,798,0
T.G. Venkatesh Babu,Tamil Nadu,Chennai North,All India Anna Dravida Munnetra Kazhagam,81%,59,657,0
Tamradhwaj Sahu,Chhattisgarh,Durg,Indian National Congress,81%,32,165,1
Tapas Mandal,West Bengal,Ranaghat,All India Trinamool Congress,89%,31,2,0
Tapas Paul,West Bengal,Krishnanagar,All India Trinamool Congress,44%,8,7,0
Tariq Anwar,Bihar,Katihar,Nationalist Congress Party,89%,39,145,0
Tariq Hameed Karra,Jammu and Kashmir,Srinagar,Jammu and Kashmir Peoples Democratic Party,34%,4,20,0
Tasleem Uddin,Bihar,Araria,Rashtriya Janata Dal,79%,0,2,0
Tathagata Satpathy,Odisha,Dhenkanal,Biju Janata Dal,92%,79,38,1
Tej Pratap Singh Yadav,Uttar Pradesh,Mainpuri,Samajwadi Party,85%,13,153,0
Thangso Baite,Manipur,Outer Manipur,Indian National Congress,92%,11,15,0
Thokchom Meinya,Manipur,Inner Manipur,Indian National Congress,94%,62,163,4
Thota Narasimham,Andhra Pradesh,Kakinada,Telugu Desam Party,96%,65,129,0
Thupstan Chhewang,Jammu and Kashmir,Ladakh,Bharatiya Janata Party,89%,20,31,0
Tokheho,Nagaland,Nagaland,Nationalist Democratic Progressive Party,91%,2,0,0
Udasi Shivkumar Chanabasappa,Karnataka,Haveri,Bharatiya Janata Party,93%,132,413,0
Uday Pratap Singh,Madhya Pradesh,Hoshangabad,Bharatiya Janata Party,91%,43,223,0
Udit Raj,Delhi,North West Delhi,Bharatiya Janata Party,98%,94,303,17
Uma Bharati,Uttar Pradesh,Jhansi,Bharatiya Janata Party,N/A,N/A,N/A,N/A
Uma Saren,West Bengal,Jhargram,All India Trinamool Congress,62%,0,0,0
Upendra Kushwaha,Bihar,Karakat,Rashtriya Lok Samta Party,N/A,N/A,N/A,N/A
V. Elumalai,Tamil Nadu,Arani,All India Anna Dravida Munnetra Kazhagam,87%,72,446,0
V. Pannerselvam,Tamil Nadu,Salem,All India Anna Dravida Munnetra Kazhagam,70%,22,136,0
V. Sathyabama,Tamil Nadu,Tiruppur,All India Anna Dravida Munnetra Kazhagam,87%,109,401,0
Varaprasad Rao Velagapalli,Andhra Pradesh,Tirupati,Yuvajana Sramika Rythu Congress Party,82%,76,0,0
Vasava Parbhubhai Nagarbhai,Gujarat,Bardoli,Bharatiya Janata Party,79%,17,226,0
Veena Devi,Bihar,Munger,Lok Jan Shakti Party,93%,26,173,0
Vijay Kumar Hansdak,Jharkhand,Rajmahal,Jharkhand Mukti Morcha,70%,32,393,0
Vijay Kumar Singh,Uttar Pradesh,Ghaziabad,Bharatiya Janata Party,N/A,N/A,N/A,N/A
Vijay Sampla,Punjab,Hoshiarpur,Bharatiya Janata Party,97%,4,1,0
Vijaysinh Shankarrao Mohite Patil,Maharashtra,Madha,Nationalist Congress Party,61%,0,989,0
Vikram Dev Usendi,Chhattisgarh,Kanker,Bharatiya Janata Party,97%,22,107,0
Vinayak Bhaurao Raut,Maharashtra,Ratnagiri-Sindhudurg,Shiv Sena,81%,114,898,2
Vincent H Pala,Meghalaya,Shillong,Indian National Congress,92%,25,219,4
Vinod Khanna,Punjab,Gurdaspur,Bharatiya Janata Party,50%,7,0,0
Vinod Kumar Boinapally,Telangana,Karimnagar,Telangana Rashtra Samithi,78%,96,503,7
Vinod Kumar Sonkar,Uttar Pradesh,Kaushambi,Bharatiya Janata Party,86%,70,132,0
Virender Kashyap,Himachal Pradesh,Shimla,Bharatiya Janata Party,93%,55,189,0
Virendra Kumar,Madhya Pradesh,Tikamgarh,Bharatiya Janata Party,96%,157,351,0
Virendra Singh,Uttar Pradesh,Bhadohi,Bharatiya Janata Party,91%,25,9,0
Vishnu Dayal Ram,Jharkhand,Palamu,Bharatiya Janata Party,92%,73,370,7
Vishnu Deo Sai,Chhattisgarh,Raigarh,Bharatiya Janata Party,N/A,N/A,N/A,N/A
Vitthalbhai Hansrajbhai Radadiya,Gujarat,Porbandar,Bharatiya Janata Party,15%,0,0,0
Y.S. Avinash Reddy,Andhra Pradesh,Kadapa,Yuvajana Sramika Rythu Congress Party,42%,8,240,0
Y.V. Subba Reddy,Andhra Pradesh,Ongole,Yuvajana Sramika Rythu Congress Party,76%,54,388,2
Yashwant Singh,Uttar Pradesh,Nagina,Bharatiya Janata Party,95%,34,0,0
Yellaiah Nandi,Telangana,Nagarkurnool,Indian National Congress,70%,6,162,0
Yogi Adityanath,Uttar Pradesh,Gorakhpur,Bharatiya Janata Party,67%,57,306,3
